review_text,sentiment
This product is absolutely amazing! Best purchase I've ever made. Highly recommended!,1
Excellent quality and fast delivery. Very satisfied with this product.,1
Love it! Works perfectly and exceeded my expectations.,1
Great product! Worth every penny. Would buy again.,1
Outstanding performance! I'm very happy with this purchase.,1
Fantastic! The quality is superb and it arrived on time.,1
Best product in this category. Highly recommend to everyone!,1
Excellent value for money. Very pleased with the quality.,1
Amazing product! Works exactly as described. Very satisfied.,1
Perfect! No complaints at all. Great quality and service.,1
This is exactly what I needed. Great product!,1
Wonderful purchase! The product quality is excellent.,1
Very good product. I'm impressed with the quality and performance.,1
Awesome! This product is fantastic and well worth the price.,1
Great buy! The product works perfectly and looks great.,1
Highly satisfied! This product exceeded all my expectations.,1
Brilliant product! I would definitely recommend this to others.,1
Top quality! Very happy with this purchase.,1
Excellent product! Fast shipping and great customer service.,1
Love this product! It's exactly what I was looking for.,1
Perfect product! Great quality and excellent value.,1
Amazing quality! This is the best product I've bought this year.,1
Wonderful! The product is great and works perfectly.,1
Fantastic quality! I'm very impressed with this product.,1
Great product! Highly recommend to anyone looking for quality.,1
Excellent! This product is worth every rupee spent.,1
Very pleased! The product quality is outstanding.,1
Best purchase! I'm extremely satisfied with this product.,1
Amazing! This product works better than expected.,1
Perfect! Great quality and excellent performance.,1
Super happy with this purchase! Great product overall.,1
Excellent build quality and performance. Very satisfied.,1
This is a great product! I would buy it again without hesitation.,1
Awesome quality! Exceeded my expectations completely.,1
Highly recommended! This product is absolutely worth it.,1
Great value! The product is excellent and works perfectly.,1
Perfect buy! I'm very happy with the quality and price.,1
Wonderful product! It works exactly as advertised.,1
Excellent purchase! Very satisfied with the quality.,1
Amazing product! Great quality and fast delivery.,1
Love it! This product is fantastic and well-built.,1
Great product! I'm very impressed with the performance.,1
Brilliant! This is exactly what I wanted.,1
Top-notch quality! Very happy with this purchase.,1
Excellent! The product exceeded all expectations.,1
Perfect product! Great quality and excellent service.,1
Amazing! I'm very satisfied with this purchase.,1
Great buy! The product is excellent value for money.,1
Wonderful! This product is fantastic and works great.,1
Highly satisfied! Great quality and performance.,1
Terrible product! Waste of money. Very disappointed.,0
Poor quality. Broke within a week. Not recommended.,0
Awful! This product is not worth the price at all.,0
Very bad quality. Returned immediately. Don't buy this!,0
Horrible experience! The product doesn't work properly.,0
Disappointing! Not as described. Poor quality materials.,0
Worst purchase ever! Complete waste of money.,0
Bad product! Stopped working after few days.,0
Not good! The quality is very poor and it's overpriced.,0
Terrible! This product is cheaply made and doesn't work.,0
Very poor quality. Not satisfied at all with this purchase.,0
Awful product! Don't waste your money on this.,0
Horrible quality! This is not what I expected.,0
Bad experience! The product is defective and poor quality.,0
Disappointing purchase! Not worth the money spent.,0
Terrible quality! I regret buying this product.,0
Not recommended! The product quality is very poor.,0
Waste of money! This product is terrible.,0
Poor product! Doesn't work as advertised.,0
Very bad! The quality is horrible and it broke quickly.,0
Awful purchase! Not satisfied with the quality at all.,0
Terrible! This product is poorly made and overpriced.,0
Disappointing quality! Would not recommend to anyone.,0
Horrible! The product stopped working within days.,0
Bad quality! Not worth buying at all.,0
Worst product! Complete disappointment.,0
Not good at all! Poor quality and bad performance.,0
Terrible experience! The product is defective.,0
Awful quality! Don't buy this product.,0
Very disappointed! Poor quality and not as described.,0
Horrible product! Waste of time and money.,0
Bad purchase! The quality is terrible.,0
Disappointing! This product doesn't work properly.,0
Not recommended! Very poor quality and performance.,0
Terrible! The product broke after minimal use.,0
Awful! Not satisfied with this purchase at all.,0
Poor quality product! I want a refund.,0
Very bad! This is not worth the price.,0
Horrible! The product quality is unacceptable.,0
Disappointing quality! Not what I expected.,0
Terrible product! Would not buy again.,0
Not good! Poor quality and bad customer service.,0
Awful experience! The product is defective.,0
Bad! Cheaply made and doesn't work well.,0
Horrible purchase! Very disappointed with quality.,0
Disappointing! This product is not worth it.,0
Terrible quality! I regret this purchase.,0
Not recommended! Poor quality and overpriced.,0
Awful! The product doesn't work as advertised.,0
Very poor! Not satisfied with this product.,0
The product is okay. Nothing special but it works.,1
Average quality. It's decent for the price.,1
It's alright. Not great but not terrible either.,1
The product works but could be better quality.,1
Okay purchase. It does the job but nothing impressive.,1
Decent product. Good for basic use.,1
It's fine. Not amazing but acceptable.,1
Average product. Works as expected.,1
The quality is okay. Nothing to complain about.,1
It's decent. Not the best but usable.,1
